-- phpMyAdmin SQL Dump
-- version 4.8.3
-- https://www.phpmyadmin.net/
--
-- Host: 127.0.0.1
-- Generation Time: Dec 25, 2018 at 11:03 AM
-- Server version: 10.1.36-MariaDB
-- PHP Version: 7.2.10

SET SQL_MODE = "NO_AUTO_VALUE_ON_ZERO";
SET AUTOCOMMIT = 0;
START TRANSACTION;
SET time_zone = "+00:00";


/*!40101 SET @OLD_CHARACTER_SET_CLIENT=@@CHARACTER_SET_CLIENT */;
/*!40101 SET @OLD_CHARACTER_SET_RESULTS=@@CHARACTER_SET_RESULTS */;
/*!40101 SET @OLD_COLLATION_CONNECTION=@@COLLATION_CONNECTION */;
/*!40101 SET NAMES utf8mb4 */;

--
-- Database: `mainan`
--

-- --------------------------------------------------------

--
-- Table structure for table `tbl_detail_order`
--

CREATE TABLE `tbl_detail_order` (
  `id` int(10) UNSIGNED NOT NULL,
  `order_id` int(10) DEFAULT NULL,
  `produk` varchar(35) DEFAULT NULL,
  `qty` int(10) DEFAULT NULL,
  `harga` varchar(20) DEFAULT NULL
) ENGINE=InnoDB DEFAULT CHARSET=latin1;

--
-- Dumping data for table `tbl_detail_order`
--

INSERT INTO `tbl_detail_order` (`id`, `order_id`, `produk`, `qty`, `harga`) VALUES
(15, 11, 'Ultraman', 1, '56000'),
(16, 11, 'Boneka Monyet', 1, '79000'),
(17, 11, 'Batman', 1, '45000'),
(18, 12, 'Boneka Chuky', 1, '90000'),
(19, 12, 'Remote Beko', 1, '250000'),
(20, 13, 'Remote Pesawat', 1, '145000'),
(21, 13, 'Batman', 1, '45000'),
(22, 14, 'Boneka Chuky', 1, '90000'),
(23, 14, 'Remote Pesawat', 1, '145000'),
(24, 17, 'Robot Batman', 1, '45000'),
(25, 17, 'Robot Ultraman', 6, '56000'),
(26, 18, 'Robot Batman', 2, '45000');

-- --------------------------------------------------------

--
-- Table structure for table `tbl_kategori`
--

CREATE TABLE `tbl_kategori` (
  `id` int(10) UNSIGNED NOT NULL,
  `nama_kategori` varchar(30) DEFAULT NULL
) ENGINE=InnoDB DEFAULT CHARSET=latin1;

--
-- Dumping data for table `tbl_kategori`
--

INSERT INTO `tbl_kategori` (`id`, `nama_kategori`) VALUES
(1, 'Remote Control'),
(2, 'Boneka'),
(3, 'Action Figure');

-- --------------------------------------------------------

--
-- Table structure for table `tbl_order`
--

CREATE TABLE `tbl_order` (
  `id` int(10) NOT NULL,
  `tanggal` date DEFAULT NULL,
  `pelanggan` int(10) DEFAULT NULL
) ENGINE=InnoDB DEFAULT CHARSET=latin1;

--
-- Dumping data for table `tbl_order`
--

INSERT INTO `tbl_order` (`id`, `tanggal`, `pelanggan`) VALUES
(11, '2018-12-06', 11),
(12, '2018-12-06', 12),
(13, '2018-12-06', 13),
(14, '2018-12-06', 14),
(15, NULL, NULL),
(16, NULL, NULL),
(17, '2018-12-21', 15),
(18, '2018-12-21', 16);

-- --------------------------------------------------------

--
-- Table structure for table `tbl_pelanggan`
--

CREATE TABLE `tbl_pelanggan` (
  `id` int(10) UNSIGNED NOT NULL,
  `nama` varchar(50) DEFAULT NULL,
  `email` varchar(50) DEFAULT NULL,
  `alamat` varchar(50) DEFAULT NULL,
  `telp` varchar(20) DEFAULT NULL
) ENGINE=InnoDB DEFAULT CHARSET=latin1;

--
-- Dumping data for table `tbl_pelanggan`
--

INSERT INTO `tbl_pelanggan` (`id`, `nama`, `email`, `alamat`, `telp`) VALUES
(11, 'Oman Gunawan', 'Oman@gmail.com', 'Cikampek', '0265776545'),
(12, 'Fajar Arif Gumilang', 'fajar@gmail.com', 'Indramayu', '089765342132'),
(13, 'Riksa Galih Purnama', 'riksa@gmail.com', 'Katapang', '026577654987'),
(14, 'Irpan Nur Hakim', 'irpan@gmail.com', 'Ciamis', '081132420666'),
(15, 'Gama', 'hehehe@gmail.com', 'banjar', '0871611616'),
(16, 'Gama', 'gama@gmail.com', 'banjar', '0');

-- --------------------------------------------------------

--
-- Table structure for table `tbl_produk`
--

CREATE TABLE `tbl_produk` (
  `id_produk` char(10) NOT NULL,
  `nama_produk` varchar(50) DEFAULT NULL,
  `deskripsi` varchar(1000) DEFAULT NULL,
  `harga` int(10) DEFAULT NULL,
  `stok` int(11) NOT NULL,
  `gambar` varchar(50) DEFAULT NULL,
  `kategori` int(10) DEFAULT NULL
) ENGINE=InnoDB DEFAULT CHARSET=latin1;

--
-- Dumping data for table `tbl_produk`
--

INSERT INTO `tbl_produk` (`id_produk`, `nama_produk`, `deskripsi`, `harga`, `stok`, `gambar`, `kategori`) VALUES
('prk001', 'Robot Ultraman', 'Lorem ipsum dolor sit amet, consectetur adipisicing elit, sed do eiusmod tempor incididunt ut labore et dolore magna aliqua.', 56000, 6, 'prk001.jpg', 3),
('prk002', 'Robot Batman', 'Lorem ipsum dolor sit amet, consectetur adipisicing elit, sed do eiusmod tempor incididunt ut labore et dolore magna aliqua.', 45000, 6, 'prk002.jpg', 3),
('prk003', 'Boneka Monyet', 'Lorem ipsum dolor sit amet, consectetur adipisicing elit, sed do eiusmod tempor incididunt ut labore et dolore magna aliqua.', 79000, 4, 'prk003.jpg', 2),
('prk004', 'Boneka Chuky', 'Lorem ipsum dolor sit amet, consectetur adipisicing elit, sed do eiusmod tempor incididunt ut labore et dolore magna aliqua.', 90000, 11, 'prk004.jpg', 2),
('prk005', 'Remote Mobil', 'Lorem ipsum dolor sit amet, consectetur adipisicing elit, sed do eiusmod tempor incididunt ut labore et dolore magna aliqua.', 102000, 12, 'prk005.jpg', 1),
('prk006', 'Remote Pesawat', 'Lorem ipsum dolor sit amet, consectetur adipisicing elit, sed do eiusmod tempor incididunt ut labore et dolore magna aliqua.', 145000, 18, 'prk006.jpg', 1),
('prk007', 'Remote Beko', 'Lorem ipsum dolor sit amet, consectetur adipisicing elit, sed do eiusmod tempor incididunt ut labore et dolore magna aliqua.', 250000, 3, 'prk007.jpg', 1),
('prk008', 'Robot pesawat jet', 'Robot ini tidak bisa diciptakan tanpa adanya kamu :(', 80000, 20, NULL, 1),
('prk009', 'Boneka Angela', 'boneka angela yaitu kesukaanmu dan aku pun menyukainya :(', 70000, 65, NULL, 3);

--
-- Indexes for dumped tables
--

--
-- Indexes for table `tbl_detail_order`
--
ALTER TABLE `tbl_detail_order`
  ADD PRIMARY KEY (`id`);

--
-- Indexes for table `tbl_kategori`
--
ALTER TABLE `tbl_kategori`
  ADD PRIMARY KEY (`id`);

--
-- Indexes for table `tbl_order`
--
ALTER TABLE `tbl_order`
  ADD PRIMARY KEY (`id`);

--
-- Indexes for table `tbl_pelanggan`
--
ALTER TABLE `tbl_pelanggan`
  ADD PRIMARY KEY (`id`);

--
-- Indexes for table `tbl_produk`
--
ALTER TABLE `tbl_produk`
  ADD PRIMARY KEY (`id_produk`);

--
-- AUTO_INCREMENT for dumped tables
--

--
-- AUTO_INCREMENT for table `tbl_detail_order`
--
ALTER TABLE `tbl_detail_order`
  MODIFY `id` int(10) UNSIGNED NOT NULL AUTO_INCREMENT, AUTO_INCREMENT=27;

--
-- AUTO_INCREMENT for table `tbl_kategori`
--
ALTER TABLE `tbl_kategori`
  MODIFY `id` int(10) UNSIGNED NOT NULL AUTO_INCREMENT, AUTO_INCREMENT=4;

--
-- AUTO_INCREMENT for table `tbl_order`
--
ALTER TABLE `tbl_order`
  MODIFY `id` int(10) NOT NULL AUTO_INCREMENT, AUTO_INCREMENT=19;

--
-- AUTO_INCREMENT for table `tbl_pelanggan`
--
ALTER TABLE `tbl_pelanggan`
  MODIFY `id` int(10) UNSIGNED NOT NULL AUTO_INCREMENT, AUTO_INCREMENT=17;
COMMIT;

/*!40101 SET CHARACTER_SET_CLIENT=@OLD_CHARACTER_SET_CLIENT */;
/*!40101 SET CHARACTER_SET_RESULTS=@OLD_CHARACTER_SET_RESULTS */;
/*!40101 SET COLLATION_CONNECTION=@OLD_COLLATION_CONNECTION */;
